<?xml version="1.0" encoding="utf-8"?>
<modification>
  <name>Custom Requirement Install Fix</name>
  <code>customrequirementinstallfix</code>
  <version>1.0</version>
  <author>Code-E-Shop</author>
  <link>https://www.codeeshop.com</link>
  
  <file path="admin/controller/marketplace/install.php">
    <operation>
      <search><![CDATA[if (is_dir($file) && !is_dir($path)) {]]></search>
      <add position="before">
        <![CDATA[
            if (substr($destination, 0, 4) == 'cron') {
              $path = DIR_CATALOG . '../cron/' . substr($destination, 5);
            }
        ]]>
      </add>
    </operation>
    <operation>
      <search>
        <![CDATA[First we need to do some checks]]>
      </search>
      <add position="before" offset="1">
        <![CDATA[          
          $new_allowed = ['image/cescustom/', 'system/storage/', 'cron/', 'admin/controller/', 'admin/model/', 'catalog/controller/', 'catalog/model/', 'admin/view/template'];
          $allowed = array_merge($new_allowed, $allowed);
        ]]>
      </add>
    </operation>
  </file>

</modification>
